speed,drag_force
21.99,2.22729711356
21.99,6.50352366693235
21.99,1.71720438332742
65.07,18.7076920680884
65.07,18.9196558477981
65.07,19.1766132713485
86.76,26.7922054400539
86.76,28.3689394579939
86.76,27.6693782267527
115.68,50.8803890011205
115.68,49.0371157373166
115.68,51.4332845721465
