wind_speed,drag_force
10,30.5674597573282
15,31.0840604090515
20,84.5088450351116
25,85.4533567516528
30,163.042550034118
35,227.313372593744
40,336.628422203341
45,409.24679852257
50,476.791765792819
